clock_number,organization_id,first_name,last_name,hire_date
2360,1,Cassius,Marcellus,2018-10-14
4852,1,Wendy,Green,2022-11-01
9632,1,Mathew,Klein,2021-03-10
4412,1,Lawrence,Glover,2021-03-10
4528,1,Addie,Tremblay,2015-04-13
4845,1,Nico,Buckridge,2021-06-10
5287,1,Gregory,Gleason,2021-02-25
6321,1,Orlando,West,2020-07-06
4008,1,Jonas,Koepp,2011-08-05
1187,1,Aaron,Bartell,2019-08-29
7410,1,Leslie,Keebler,2013-09-26
6581,1,Noel,Powlowski,2009-09-11
3998,1,Charley,Olsen,2022-01-17
4210,1,Robby,Johns,2014-09-19
13594,1,Stan,Blick,2020-04-06
12784,1,Hester,Davis,2020-08-06
5093,1,Kirk,Miller,2019-01-02
5369,1,Ann,McCullough,2019-04-29
5081,1,Alexandra,Herman,2023-07-10
1028,1,Vickie,Roberts,2023-05-15
5044,1,Morris,Thompson,2023-04-17
12055,1,Willow,Barton,2023-02-16
5420,1,Jordan,Armstrong,2022-09-26
12183,1,Elena,Purdy,2015-07-24
2088,1,Todd,Fisher,2022-02-24
13968,1,Harrison,Walker,2021-10-25
14874,1,Johnny,Skiles,2016-08-16
13858,1,Peyton,Feil,2018-05-22
4789,1,Cameron,Gleichner,2022-05-31
6512,1,Ellen,Williams,2022-06-27
5874,1,Robin,Kris,2022-09-06
6262,1,Carlos,Gomez,2023-04-10
5875,1,Diego,Sanchez,2021-02-21
13595,1,Juan,Lopez,2018-06-04
4950,1,Cameron,Gleichner,2022-05-31
4673,1,Henry,Martin,2012-10-01
5109,1,Dale,Kautzer,2013-07-06
5508,1,Mike,Bentley,2014-06-09
6134,1,Stacy,Welsh,2015-09-14
6280,1,Sarah,Collins,2016-02-23
6454,1,Andrew,Myers,2016-05-01
13602,1,Jacob,Bellhowser,2016-10-18
7120,1,Nicole,Bonds,2016-11-11
3084,1,Amy,Wiggs,2017-02-27
4119,1,Chad,Boston,2019-04-10
5612,1,Becky,Herman,2023-08-26
13618,1,Shelly,Brewer,2017-11-05
3418,1,Larry,Zellers,2018-09-17